תוכן,שם הסרטון,שעת פרסום הסרטון,אורך,צפיות,זמן צפייה (שעות),מנויים
"סה""כ",,,,156834,1974.2306,788
vykbJ0v6U58,"מה הרצי""ה אמר? - הרב זלמן מלמד","Jun 3, 2026",46,38220,173.2636,19
mplKrk7F28A,"🔴 שידור חי | יום ירושלים בבית אל: שר המורשת, אלוף הפיקוד והרב זלמן מלמד","May 15, 2026",10815,1123,132.5201,3
5A-Jz56h8Ic,"""בשלהבת אש קודש"" 🔥 התוועדות הכנה למתן תורה בישיבת בית אל | שידור חי🔴","May 21, 2026",6285,848,100.2296,1
OI5Vv_D9ZU8,"ועל ידי זה | אנא עבדא | אנחנו מודים לך | שובה ה' | מזמור לתודה - הרקדה מטורפת בסיום כנס אסופות תשפ""ו","Jun 2, 2026",1236,1056,76.043,10
euAGhtgGstI,"כנס אסופות 6  תשפ""ו | כנס עולם הישיבות | מקדש עמו ישראל - אישות ומשפחה.","May 29, 2026",12714,1068,75.4016,1
yo58igUqYqI,לא בדיבורים אלא במעשים: הדרך היחידה לחיבור בעם ישראל | נקודה למחשבה - הרב מאיר קלמן בר,"Jul 1, 2026",321,3490,65.1144,0
C4GSR4O6efg,מעלין בקודש - מאירים באתר ישיבה ,"May 1, 2026",70,16417,59.2918,0
mr3KnqxY4r4,"למה אנחנו עדיין לא בונים את בית המקדש? הרב מרדכי גרינברג שליט""א | כנס אסופות תשפ""ו","Jun 2, 2026",751,3956,58.6793,0
0U-n19MSndc,נדרים וארץ ישראל - מה הקשר? הרב ינון גרוסברג | רגע בפרשה - מטות מסעי,"Jul 9, 2026",177,3003,49.9893,0
0d6AM16ULOM,"שידור חי 🔥 חגיגות ל""ג בעומר תשפ""ו בישיבת בית אל 🔥 הדלקה מרכזית ושיעורים מרבני הישיבה.","May 5, 2026",7301,728,48.5172,2
qeBUNLcFNXo,"למה המגיד מדובנא לא אמר ""תיקון ליל שבועות""? משל חנות הבדים #הגאון_מווילנה #תורה #אמונה #משל_ומסר","May 18, 2026",77,6467,44.8773,16
4Hhmwffd-5A,ויאתיו כל לעבדך - ויתנו לך כתר מלוכה,"Sep 11, 2015",286,783,35.7841,0
QLHfl2jgl8s,🔴שידור חי: מצטרפים עכשיו לתפילת חג יום ירושלים בישיבת בית אל,"May 15, 2026",3306,833,33.0762,1
I3WeA8Z-K1Y,"מושב שלישי, משפט מבויים ומעמד פתיחה - כנס דיני ממונות ה-35 | אתר ישיבה LIVE","Jun 15, 2026",18694,286,32.1435,3
i4VEaUjvRPM,למה כולם נלחמים על ירושלים? | קצרים למועדים - הרב ינון גרוסברג - ימי בין המצרים,"Jul 8, 2026",149,2180,27.3815,0
LvwQlWo3ujk,סיור מקוון עם אלידע בר שאול בנושא דמויות מופת בירושלים,"May 5, 2020",4441,107,22.478,2
4jJsv1atkp4,יום ירושלים - הכיסופים לשלמות | הרב חגי לונדין,"May 22, 2025",57,4259,20.9023,0
1vBHTUWjWW8,מושב שביעי - כנס דיני ממונות ה-35 | אתר ישיבה LIVE,"Jun 17, 2026",14940,271,19.974,1
p730Tsw3dBU,"""פצצת אטום של נס!"" | הרב וייצן מתרגש ובוכה","Apr 28, 2026",92,12670,19.8974,2
y6REV8dWGms,"שיחה לפרשת חקת | האות המיוחדת שלך בתורה ובחיים - הרב זלמן ברוך מלמד שליט""א","Jul 6, 2025",2256,527,19.2585,0
IvhGsYnfKdA,רעש לבן - לימוד בישיבה!,"Apr 30, 2020",5737,106,19.1277,0
twIq3q_toMI,"שיחת מוצ""ש לפרשת בלק תשפ""ו | הרה""ג זלמן ברוך מלמד שליט""א","Jun 28, 2026",2220,145,18.1001,1
Dppay2wrd70,"אבי בלוט, אלוף פיקוד מרכז בשיחה מיוחדת בישיבת בית אל | חזון, ביטחון ואנטי-שבירות","May 17, 2026",2146,206,18.0322,0
lk8OkDxRkKM,"שיחה לפרשת קרח: איך משלבים שכל ישר ויראת שמיים? | הרה""ג זלמן ברוך מלמד שליט""א","Jun 29, 2025",2551,410,17.5689,-1
XdOby0bwdiE,מושב ראשון - כנס דיני ממונות ה-35 | אתר ישיבה LIVE,"Jun 15, 2026",9175,243,17.4589,2
BADn9XRAqks,"שיחת מוצ""ש לפרשת בהעלתך תשפ""ו | הרה""ג זלמן ברוך מלמד שליט""א","May 31, 2026",2530,117,17.3069,0
5l3fJcrWUv0,סודה של ברכה | רגע בפרשה - פרשת בלק,"Jul 18, 2024",197,1412,14.6228,0
voBBNlBch0w,"שיחת מוצ""ש לפרשת חוקת תשפ""ו | הרה""ג זלמן ברוך מלמד שליט""א","Jun 21, 2026",2121,102,14.484,0
qOChh-2l2I0,"שיחת מוצ""ש לפרשת בהר בחוקותי תשפ""ו | הרה""ג זלמן ברוך מלמד שליט""א","May 10, 2026",2101,166,13.8529,1
fEo8W4GUitA,צבי סוכות חושף: הנסים שראיתי בעיניים בועדת חוץ ובטחון | דברים שלא שמעתם על המלחמה 🇮🇱,"May 6, 2026",3713,87,13.4322,0
mYex61RygIU,אחות קטנה,"Sep 7, 2015",217,335,13.4015,0
725s4_D9JxY,פרשה כפשוטה - פרשת בהעלותך - הרב איתמר ליברמן,"Jun 8, 2017",4460,78,13.0927,0
3qWcgVMdZKA,"שיחת מוצ""ש לפרשת שלח תשפ""ו | הרה""ג זלמן ברוך מלמד שליט""א","Jun 7, 2026",1731,122,13.0394,0
Tko-ROVkwok,שיחה לפרשת בלק: איך זכה בלעם הרשע לברך יותר טוב?,"Jul 9, 2022",2351,206,11.974,0
v1yTIjAAZa8,"""זה פשוט לא טבעי"": צבי סוכות על האמונה של בכירי חיל האוויר","May 8, 2026",51,2771,11.4192,0
HNPPhHpiqaQ,"שיחת מוצ""ש לפרשת שלח - להסתכל על המציאות בעיניים של אמונה | הרה""ג זלמן ברוך מלמד שליט""א","Jun 22, 2025",2171,422,11.2637,0
7mQI5RG12Bs,כיפה בתא הכפפות - הרב מרדכי גרינברג,"Jun 2, 2026",61,2010,11.2586,1
C6LerWJ2geQ,"מצוות חליצה בימינו  - כולל הדגמה מעשית - הרב הדיין אוריאל אליהו שליט""א","Feb 19, 2025",5596,89,11.1384,0
9cf_hJlzUe4,"שיחת מוצ""ש לפרשת פינחס תשפ""ו | הרה""ג זלמן ברוך מלמד שליט""א","Jul 5, 2026",2515,90,10.6825,0
vI1Lc543zD4,"שיחת מוצ""ש לפרשת במדבר תשפ""ו | הרה""ג זלמן ברוך מלמד שליט""א","May 17, 2026",1680,116,10.6472,0
gwuNXcS6iMM,"שיחת מוצ""ש לפרשת אמור תשפ""ו | הרה""ג זלמן ברוך מלמד שליט""א","May 3, 2026",2705,122,10.3056,0
CGc3KocJL7k,"וידאו נדיר !!! הרב מרדכי אליהו זצ""ל מספר על הבבא סאלי וה'אור החיים הקדוש'","Dec 31, 2013",369,154,9.0107,1
2TyinM7keVc,"שידור חי: ליל יום העצמאות בישיבת בית אל | תפילה חגיגית, סעודה וריקודים","Apr 21, 2026",21186,89,8.814,0
IdbmnM5SuBY,"""זו תורה וזו שכרה?"" | לדמותו של ר' עקיבא - הרב חיים כץ שליט""א","May 7, 2026",2236,66,8.7427,0
 -cDuZMBNuO8,"האם מותר לחייל דתי לשרת ביחידה מעורבת? | הרב זלמן מלמד שליט""א בכנס אסופות תשפ""ו","Jun 2, 2026",327,614,8.6325,0
9Se8ChZE7GE,פרשה כפשוטה - פרשת קרח,"Jun 22, 2017",2613,38,8.3144,0
yU3Awm5vBCs,'ישמח ליבי' - שירת רבים בישיבת בני צבי,"May 8, 2019",268,191,7.884,1
ccJ-w4LtcmI,"שערי שמים פתח, בעבור אבותינו - כנס אסופות תשפ""ו","Jun 3, 2026",394,327,7.8702,0
LMvva-AhzV8,מה באמת נקבע בליל שבועות? | הרב דודי דודקביץ',"Jun 10, 2024",2287,185,7.6366,1
N2wj288sE_8,פרשה כפשוטה - פרשת שלח,"Jun 14, 2017",2861,30,7.046,0
hJsL39I6VKs,"נפלאות המלחמה והמדינה - חה""כ בצלאל סמוטריץ","Apr 29, 2026",2582,70,6.8743,0
WvFuBKzmZBA,"ההבדל בין עשרה בטבת לי""ז בתמוז🛑 #shorts #automobile #שלוםבית #news","Jul 1, 2026",58,2414,6.7854,0
b_XgMVzvCRk,פרשה כפשוטה - פרשת במדבר,"May 25, 2017",2651,23,6.6698,0
JWLsLyNL644,אין קצבה- הימים הנוראים בישיבת בית אל,"Sep 6, 2020",131,244,6.6415,0
hYoDdb3wd4E,למה הדברים הכי גדולים בחיים מגיעים דרך קושי? 💔 הרב זלמן מלמד #אמונה #ייסורים #משמעותלחיים #ארץישראל,"May 24, 2026",39,2284,6.632,0
YPjuqFX7Ck0,צעקת שמע ישראל מול כולם - צבי סוכות על קריאת שמע ישראל של הזמר בן צור,"May 14, 2026",57,1887,6.2849,2
kLHUKIgeR0s,"שיחה מפי הרב חיים כ""ץ שליט""א","Jun 30, 2026",1961,60,6.2367,0
ReNhn1G-1v8,"שיחה מיוחדת לרגל י""ז בתמוז | הרה""ג זלמן מלמד שליט""א","Jul 2, 2026",1030,112,6.022,0
wRa6qphftQM,פרשה כפשוטה - פרשת בהר,"May 17, 2017",2752,21,5.915,0
UZAISfA1R8s,מושב שני - כנס דיני ממונות ה-35 | אתר ישיבה LIVE,"Jun 16, 2026",5442,119,5.858,0
zWC2xvR3fRE,"עיקר וגידוליו - דיני בשר מתורבת | שיעור כללי מאת הרה""ג זלמן מלמד שליט""א","Jul 7, 2026",2046,78,5.8042,0
 -C3bPHsE8lU,למה אנחנו תקועים? ימי בין המצרים | נקודה למחשבה - הרב ינון גרוסברג,"Jul 13, 2023",156,623,5.7425,0
XmDgy5fz87s,הדרך האמיתית להתמודד עם משברים בחיים 💪 הרב זלמן מלמד #משברים #התמודדות #אמונה #חיזוק #התפתחות_אישית,"Jun 23, 2026",36,2713,5.705,4
5C_tmcl12kE,מושב רביעי - כנס דיני ממונות ה-35 | אתר ישיבה LIVE,"Jun 16, 2026",11708,177,5.6567,0
0ePiNsyVFkY,פרשה כפשוטה - פרשת נשא,"May 29, 2017",3747,45,5.6308,0
LHYW8TnbMHY,פרשה כפשוטה - פרשת בחוקותי,"May 18, 2017",3089,13,5.6191,0
dcm2IoSu9q4,סוד המראה: למה אנחנו רואים חסרונות באחרים? הרב זלמן מלמד #הבעלשםטוב #מודעותעצמית #אהבתאדם #שיפוטמהיר,"Jun 16, 2026",30,1708,5.449,0
7wtPCwpWnbA,איך להגדיל או להקטין רצועות תפילין של ראש בצורת ד'? | נקודה בהלכה - הרב יוסף צבי רימון,"Feb 18, 2025",188,157,5.3927,0
uwYjEl4IQ8U,שומעים את זה? השאלה ששואלים אותנו משמיים בכל שנה מחדש #הרב_דודקביץ #תורה #נעשה_ונשמע,"May 19, 2026",31,2054,5.3502,4
eKQMotu31X8,"מצוות לאו ליהנות נתנו | שיעור כללי מאת הרב חיים כץ שליט""א","Jun 16, 2026",3626,57,5.2633,1
WFKaCcCXmmM,"ספק ממון עניים | שיעור כללי מאת הרב חיים כץ שליט""א","May 26, 2026",3351,63,5.1675,-1
ahevfdqQ2Fc,"עמנואל מורנו ""חמש שניות"" - הסיפור המלא","Aug 2, 2018",339,143,5.1674,1
C0yOjMHEwac,"יהונתן שטיינברג הי""ד בשיחה מרגשת בישיבת בית אל","Oct 10, 2023",973,71,4.7451,0
M7wSo3WZbIg,"6. הרב אורי שרקי שליט""א – בין נבואה לפילוסופיה","Aug 18, 2020",1824,18,4.5432,0
Q6fqd6zhFu8,"""זו תורה וזו שכרה?"" – הסוד שמשה רבנו תמה עליו","May 13, 2026",55,2299,4.1798,2
m408E8T09DQ,פי 500! המתמטיקה הסודית של המצוות שלכם 💸  הרב זלמן מלמד,"Jun 10, 2026",46,757,4.0411,4
qZwKQ-cW6U0,"תפילת ליל יום ירושלים התשפ""א - שידור חי!","May 9, 2021",4311,32,3.9786,0
hUUxfCwC014,נקודה בהלכה - עירוב תבשילין,"Apr 10, 2022",242,92,3.9761,0
vQA6jM2fGc4,"""הבאגרים שלנו יהרסו בעזה - שלהם יבנו כאן"": סמוטריץ' חושף את השיטה לתנופת הבנייה #סמוטריץ  #Smotrich","May 7, 2026",62,1863,3.887,0
cRBxcr4W_aE,הטעות הכי גדולה בחיים? לנסות להיות מישהו אחר! הרב זלמן מלמד #הבעלשםטוב #ייחודיות #הגשמהעצמית,"Jun 15, 2026",43,1184,3.8593,3
al6yWdWlz9Y,וכל מאמינים | ישיבת בית אל,"Sep 17, 2023",298,121,3.8528,0
uyijS6jnkcw,"שיחת מוצאי שבת - קרח התשפ""א | הרה""ג זלמן ברוך מלמד שליט""א","Jun 12, 2021",3896,15,3.8402,0
tCDz63z8_XY,"פתח וחרטה | שיעור כללי מאת הרב צבי יוסף רייכמן שליט""א","Jun 23, 2026",3850,74,3.6605,0
vUHuZx9kWoQ,למה דווקא שונא ישראל נתן את הברכה הכי טובה? 🤯 הרב זלמן מלמד #פרשת_בלק #עם_ישראל #אמונה #יהדות,"Jun 24, 2026",46,892,3.6287,0
 -aLwA40W-N8,"לכבוד י""ז בתמוז - שיחה מפי רה""י הרב זלמן מלמד שליט""א","Jul 24, 2024",1316,317,3.4237,2
SJIz1-DP-_g,"ההדלקה המרכזית בישיבת בית אל!🔥 | ל""ג בעומר תשפ""ה | שידור חי","May 15, 2025",8264,73,3.4012,0
sYe-0iMCZB4,"למה העם צמא עכשיו יותר מתמיד? הרב קלמן מאיר בר שליט""א - הרב הראשי לישראל | כנס אסופות תשפ""ו","Jun 2, 2026",566,93,3.2813,0
9I_f7TL88ow,שבריר השנייה של פוסק הדור ⏱️ סוד ניצול הזמן של הרב אלישיב #הרב_אלישיב #ניצול_זמן #גדולי_ישראל,"May 20, 2026",36,1181,3.2427,3
aWLVGcdcqyE,"שיחה לפרשת במדבר - הרב זלמן ברוך מלמד שליט""א","Jun 1, 2025",1736,192,3.2272,0
L32zd7M6rq0,"הרב אשר אבידן מספר על הרב חיים דרוקמן זצ""ל","Jan 1, 2023",1620,66,3.1285,0
SeOwF0EoQKc,פרשה כפשוטה מסעי,"Jul 21, 2017",2469,12,3.0841,0
HL_jopnmtT0,"מיוחד! שיעור כללי מפי הרב מרדכי וויליג שליט""א בענייני נדרים","Jun 9, 2026",2686,74,3.0746,1
qRbQzlRnzCs,קרח ועדתו היו צדיקים?! 😳 הרב זלמן מלמד #שלוםבית,"Jun 10, 2026",42,823,3.0359,1
FtjYr1cVmNI,מעלתו של חג השבועות | הרב חיים בן שושן,"Jun 10, 2024",2674,16,2.9628,0
MYDJtkxiwbs,"למה הגאולה מגיעה דווקא מתוך המשבר הנורא? | הרב שבתי סבתו שליט""א | יום הזיכרון ויום העצמאות תשפ""ו","Apr 22, 2026",3269,28,2.9517,0
nhKWhfXhbV0,שיחה בשניים- הרב אורי שרקי ובנו יאיר שרקי,"Aug 30, 2020",1049,40,2.9098,0
Qiap3ofn4IE,"שיחה לפרשת שלח - הטעות של המרגלים | הרה""ג זלמן ברוך מלמד שליט""א","Jun 30, 2024",2646,107,2.8654,0
OJSrdai29-Q,"תפילת ליל יום ירושלים תשפ""ג | ישיבת בית אל 19:45","May 19, 2023",4318,42,2.7806,0
s7btFB0N3ig,ההצעה של הרב זלמן מלמד לעלי ח'אמנאי,"Jun 15, 2025",140,1051,2.7799,0
_PmqG_2HGjg,"""אנחנו בנים יקרים"" 💔😭 הרב צבי יוסף רייכמן בדמעות לקראת י""ז בתמוז","Jun 28, 2026",54,864,2.7632,0
r8FVBH3Seu4,משל האילן: למה אי אפשר לעקור את עם ישראל? 🌳 הרב זלמן מלמד #משל #עם_ישראל #נצח_ישראל #שורשים #יהדות,"Jun 22, 2026",37,1432,2.6768,2
BjQ-zv9X2qU,"עין טובה יוצרת מציאות טובה | הרב יצחק מרקוביץ שליט""א","Mar 16, 2026",105,2114,2.6489,0
lVgRFhykBR0,"שיחת מוצ""ש לפרשת מטות-מסעי | הרה""ג זלמן ברוך מלמד שליט""א","Aug 4, 2024",2396,9,2.5509,0
2vd-1l5PjX0,מי עוזר למי? לומדי התורה לחיילים או הפוך? השותפות הגורלית שבונה את הגאולה ⚔️📖  | הרב זלמן מלמד,"May 25, 2026",25,1283,2.5325,0
SttN-px4QCY,"הרב יעקב משה חרל""פ - הרה""ג יעקב ניסן רוזנטל זצ""ל","Nov 15, 2018",828,32,2.5179,0
kzcBt3vHN9c,"הרב הדרי מספר על הרב חרל""פ","Nov 15, 2018",1223,16,2.5111,0
H2deS7TcyOs,שמחת חג יום העצמאות בשידור חי מישיבת בית אל!,"Apr 30, 2025",14803,29,2.4968,0
nZw-17Csin4,"גדולתו ומידותיו של הרב מרדכי אליהו זצ""ל | הרב חיים בן שושן","Jun 30, 2024",2618,18,2.4927,1
TvD8EXmZEXk,למה השם שולח לנו קשיים? התשובה שתשנה את המבט שלכם | הרב זלמן ברוך מלמד #התמודדותעםקשיים #משבר #רוח,"May 24, 2026",49,1614,2.4532,3
auH6LY_Xh4g,תפילת ישיבות ההסדר ליום ירושלים מהכותל | שידור חי,"Jun 5, 2024",7102,16,2.4316,0
LFbULKv7KwQ,"סיפורו של הרב דוב ליאור שליט""א על עלייתו לארץ בספינת אקסודוס","May 11, 2022",4308,14,2.4103,0
CeuOf0xN1cU,ישאלוני רעיוני - ישי ריבו ומקהלת ידידים,"Aug 18, 2020",432,11,2.3675,0
gcNQmGTWXb4,"בלעדי! שלושת הפעמים שהרב דרוקמן זצ""ל קיבל את חייו במתנה","Dec 27, 2022",1306,20,2.3618,0
vUhX-qCTgpU,ישי ריבו שר משירי הרב קוק,"Jun 8, 2016",287,69,2.3411,1
0hFQRVA75mI,הסוד שמאחורי לימוד התורה: איך מתחברים לאור עליון? #הרב_מלמד #יהדות #רוחניות #קדושה #אמונה #נשמה,"May 13, 2026",43,1209,2.3163,2
2PCPYGoaMuU,זה קורה עכשיו | הנבואה על גוג ומגוג שמתממשת לנגד עינינו 😱 | הרב שלמה יוסף ויצן,"Apr 23, 2026",381,84,2.2675,0
0cYlOc7085g,האשה שהצילה את בעלה! 😮  הרב זלמן ברוך מלמד,"Jun 10, 2026",52,422,2.2517,0
hzOVio5U7uo,נשמה לשבת - פרשת בלק,"Jul 6, 2017",266,247,2.2355,0
Q5sCkzTy0fk,"הרב אורי שרקי מספר על הרצי""ה","Aug 30, 2020",2899,10,2.2277,0
IznrWmHd3AY,"בל תאחר בנדרים ובנזירות | שיעור כללי מאת הרב זלמן מלמד שליט""א","May 12, 2026",2215,39,2.1896,0
4Krxi9Kdk2g,"הקפות שניות מהיכל בית המדרש בישיבה הגבוהה בבית אל | תשפ""ו","Oct 15, 2025",9763,41,2.1706,0
6R18u8-V2sI,פרשה כפשוטה - פרשת תרומה,"Mar 1, 2017",4437,5,2.1241,0
0DSLq0Mofa8,שיעור מפי הרב הראשי לישראל - הרב קלמן בר,"Jan 15, 2025",2691,25,2.114,0
94d9_9tOaaI,"המקובל הרב יצחק כדורי זצ""ל נוחת ממסוק ומעביר שיעור. וידאו מיוחד!","Jan 20, 2015",708,55,2.0935,0
I0Id264Ul5g,הרב יורם אברג'ל מספיד את הרב מרדכי אליהו,"Apr 19, 2020",883,26,2.0389,0
QrliuvqHCjo,פרשה כפשוטה - פרשת אמור,"May 10, 2017",4195,14,2.0383,0
xI0ZXKpMYX8,איך מכינים תה בשבת? | הלכות שבת עם הרב איתן מינקוב,"May 28, 2021",132,87,2.0107,0
ShzHrxSfHBU,"אהוב על הבריות | הרב זלמן מלמד מספר על הרב חיים דרוקמן זצ""ל","Jan 1, 2023",1527,13,1.9425,0
oDKanU93hE8,איך מקבלים שבת מוקדם? | הלכות קבלת שבת מוקדמת עם הרב עודד מילר,"Jun 13, 2021",310,44,1.9117,1
mr2vvtCmruQ,שידור חי עם אברהם פריד - עצרת יום ירושלים בישיבת מרכז הרב,"Jun 3, 2019",18227,25,1.8561,0
kwI1XtNnTIc,דתי כפי דעתי - האומנם? | הרב משה גנץ,"Jan 29, 2024",2128,16,1.826,0
QFfUMWCJFB4,"הקרב שלא רואים |  הרב זלמן מלמד שליט""א | מה קורה בשמיים בזמן המלחמה!","Mar 8, 2026",133,826,1.8042,0
VMb8mVT6TX8,"עכשיו בשידור חי - שיחת מוצש עם הרה""ג זלמן מלמד שליט""א! #אתר_ישיבה","Jul 4, 2026",24,988,1.6865,0
VIAM6sXceeM,"האמת שמאחורי חלוקת השבטים | ראש הישיבה הרה""ג זלמן מלמד שליט""א | פרשת בהעלותך התשפ""ו","May 28, 2026",54,754,1.6445,5
HlzPx7hlvCU,בטבע של עם ישראל אין חטא - הרב זלמן ברוך מלמד,"May 15, 2026",51,655,1.644,4
N1DiyQ7dAok,כי לא תחפוץ | ישיבת בית אל,"Sep 12, 2023",293,38,1.6404,0
d_FG_nI-nD0,תפילת יום העצמאות בישיבת בית אל!,"May 1, 2025",1513,19,1.5911,0
GtLZdYWdc3M,עגל או מרגלים? מה יותר גרוע?! 😱 הרב ליאור אנגלמן #שורטס,"Jun 29, 2026",112,152,1.5629,0
hq8nFlR2LVE,"שיעור כללי מאת הרב חננאל אתרוג שליט""א","Dec 2, 2025",2435,8,1.5566,0
F0Ct1grVgMg,"איך לבחור ייעוד בחיים? הרה""ג זלמן ברוך מלמד שליט""א","Jul 8, 2018",312,31,1.5415,0
QbWZEUvAEdw,"הלוויתו של רס""ר (מיל') ישראל עמיחי ויצן הי""ד |שידור חי","Oct 11, 2023",3883,25,1.5402,0
XMcIa1cCaqc,"התעוררת בעניין לימוד תורה | הרב יעקב עדס שליט""א | ישיבת בני צבי","Nov 14, 2022",5418,8,1.507,0
BzRHGahHMR0,התוועדות הכנה לחג שבועות בישיבת בית אל,"May 25, 2023",4703,6,1.4771,0
pAa1KX8ZzKU,מה המשמעות של הנחת תפילין?,"Dec 26, 2021",167,56,1.4561,0
Iiv6oVy_Wgk,"שיעור כללי- תלמוד גדול או מעשה גדול הרה""ג זלמן ברוך מלמד שליט""א","Jul 10, 2018",2685,6,1.3985,1
6J9xkaXyD1A,"תחילת החורבן: ביטול קרבן התמיד | הרב ינון גרוסברג על י""ז בתמוז","Jun 24, 2021",141,54,1.3837,1
GPUTd_boqpk,איך לומדים גמרא? | פתחי אמונה - הרב אלישיב קפקה,"Jan 30, 2020",165,53,1.3637,1
uI_ncYNT-C8,מהר סיני למחנה ישראל - הרב אליהו בלומנצויג,"Jun 4, 2026",75,388,1.3493,0
YE3euKauBvU,"שיעור כללי במסכת שבת | מלאכה שאינה צריכה לגופה, ומקלקל בחבורה | הרה""ג זלמן ברוך מלמד שליט""א","Nov 8, 2022",2940,4,1.3257,0
_xzYdBmn7I4,פודקאסט קול הנשמה - הרב דוב זינגר - בסיס,,1818,19,1.3109,0
TVFYKq8Kncw,"שיחת מוצ""ש לפרשת קורח תשפ""ג | הרה""ג זלמן ברוך מלמד שליט""א","Jun 18, 2023",2006,6,1.306,0
ek0T7VPsPmI,פסח שני | נקודה למחשבה - הרב ינון גרוסברג,"May 22, 2024",151,52,1.305,0
GASpSCFxVqM,"תפילה חגיגית  ליום ירושלים בישיבת בית אל | תשפ""ה","May 26, 2025",4891,39,1.291,0
P1_X_oQ9F94,מעמד הר סיני מלמד על הערכים המרכזיים של עם ישראל,"May 29, 2022",1318,9,1.2893,0
PzKf2ZyJrNM,מי חייב להתגייס לצבא? | הרב זלמן מלמד,"Feb 12, 2024",2656,18,1.2714,0
7vvJcTbjgHM,הרב עידו רכניץ - צוואה על פי ההלכה והחוק,"Mar 11, 2015",1222,10,1.2377,0
F23AhsrG4QU,פרשה כפשוטה - פרשת משפטים,"Feb 23, 2017",4747,5,1.2201,0
4D36RjTEHjw,"למה הגאולה נקנית בייסורים? שיחה לפרשת בהעלותך | הרב זלמן ברוך מלמד שליט""א","Jun 15, 2025",2407,287,1.2154,0
BYTF3jUO7tg,"הילולת האר""י הקדוש - הרב חיים בן שושן בשיעור מרתק","Jul 17, 2018",1368,9,1.2054,0
IcTjNshaOws,להיזהר מדבקות עיוורת: מתי צדיק נערץ מתגלה כמקולקל? הרב זלמן מלמד,"Jun 11, 2026",39,356,1.194,0
5E8DFKvaLdY,"דיני נדרים | שיעור כללי מאת הרה""ג צבי שכטר שליט""א","May 19, 2026",3020,53,1.1926,0
pCPzBnL9Dv0,"סוכן מוסד, מהנדס ואיש אמונה: המסע המדהים של דוד בנעט","Apr 30, 2018",3028,20,1.1787,0
pC1T4ktDgR8,פודקאסט קול הנשמה - הרב דוד דודקוביץ' - בסיס,,2040,18,1.1774,0
jtgRhRIL-FQ,"שיעור כללי - חזקת תשמישין | בבא בתרא | הרה""ג זלמן ברוך מלמד שליט""א","Nov 23, 2021",2881,4,1.1539,0
BZksJG_elo0,איך עושים קידוש? - הרב איתן מינקוב,"Oct 21, 2021",149,49,1.1459,1
eCSpG1nZcXA,פרשה כפשוטה בא,"Feb 2, 2017",3355,6,1.1376,0
AFAJNcT47HY,"שיחת מוצ""ש פרשת קורח תש""פ | הרה""ג זלמן ברוך מלמד שליט""א","Jun 20, 2020",2161,2,1.1375,0
R_qbzVk-IHc,"ספירת העומר רבי עקיבא ומעלתו של רשב""י | הרב חיים בן שושן","May 23, 2024",2597,5,1.1332,0
1Grgk7qVwK8,סוד אבני החן של ירושלים - הרב שבתי סבתו,"Jun 3, 2026",59,370,1.133,0
3sECRkZ1FWo,"דרשת שבת הגדול תשפ""ו | הרה""ג זלמן ברוך מלמד שליט""א | שידור חי","Mar 28, 2026",3066,18,1.132,0
5tH0Kit-tFM,ביטחון בה' בשעת מלחמה | הרב חיים בן שושן,"Jan 17, 2024",2384,7,1.1301,0
g_dkn6Lmz6Q,זכרונות ממלחמת ששת הימים - הרב ישראל מאיר לאו,"May 18, 2020",1141,11,1.1241,0
dmJRUrYfrr4,"שיחת מוצ""ש פרשת בלק תש""פ | הרה""ג זלמן ברוך מלמד","Jul 4, 2020",3225,6,1.1168,0
gi4Fnp60AB4,"שיחת מוצ""ש לפרשת נשא | הרה""ג זלמן ברוך מלמד שליט""א","Jun 16, 2024",2591,1,1.1133,0
9s-oDqiRedk,"הפרדה מגדרית בצבא -  הרב זלמן ברוך מלמד שליט""א","Jun 2, 2026",76,137,1.1095,0
Omf_vpiQhwk,"דת של עוצמה, לא של חולשה | הרב זלמן מלמד #עוזהחיים #שמחתחיים #רוחניותבריאה","Jun 14, 2026",45,308,1.0947,1
Wl-b-pxqBuU,שמחת יום ירושלים בשידור חי מישיבת בית אל!,"May 26, 2025",5236,33,1.0914,0
I5HUuMYqhzE,"גדולתו ודבקותו של חכם ישועה בן שושן זיע""ה","Oct 18, 2018",2798,12,1.0651,0
_x_PwKlwWEs,איך מותר להכין קפה בשבת? | נקודה בהלכה  - הרב איתן מינקוב,"Mar 24, 2025",157,28,1.0412,0
LkruwWb9L_g,"אזכרת השלושים לרב חנוך פיוטרקובסקי ז""ל","Jun 23, 2021",3681,1,1.0222,0
ZLSyUCluyNg,"מצוות ספירת העומר | הרב ישי בוכריס, אב""ד באשקלון","May 19, 2025",1830,20,1.0039,0
ZOZRyMpotVA,"אחדות והיחס למחלוקות | הרה""ג זלמן ברוך מלמד שליט""א","Jan 17, 2022",2761,6,1.0008,0
M5m-KQdvCzc,שידור חי מהקפות שניות בישיבת בית אל!,"Oct 17, 2022",12301,11,0.9878,0
eaCYYkwxo3w,"שו""ת סוף זמן קיץ תשפ""ה | הרה""ג זלמן ברוך מלמד שליט""א","Aug 4, 2025",4501,2,0.9738,0
F8LBXxahdUg,פרשה כפשוטה - פרשת מצורע,"Apr 27, 2017",2431,2,0.9715,0
0hW-Bxw0-WQ,"ישיבת בני צבי - סרטון תדמית תשע""ט","Dec 4, 2018",310,26,0.9693,0
 -W7eg7ufGF4,פרשה כפשוטה- פרשת אחרי מות,"May 3, 2017",3092,7,0.9524,0
vPsQkLWfbP4,"תפילת ליל יום העצמאות תשפ""ג | ישיבת בית אל","Apr 26, 2023",5766,9,0.9409,0
fO6MYCpGOOE,פרשה כפשוטה  פרשת קדושים,"May 3, 2017",2880,7,0.9285,0
UYaa24NkZik,"פתיחה למסכת בבא קמא, מקור האיסור להזיק - הרה""ג זלמן ברוך מלמד שליט""א","Oct 29, 2019",3072,7,0.8994,0
jDdkEkSfPW8,קריאת מגילה בישיבת בית אל | שידור חי,"Mar 3, 2026",6626,16,0.8942,0
by5AexPJCMs,"שיחת מוצ""ש לפרשת לך לך תשפ""ו | הרה""ג זלמן ברוך מלמד שליט""א (2)","Nov 2, 2025",2705,4,0.8879,0
A4gJARAedps,"שיחה לחג שבועות | הרב חיים כ""ץ שליט""א","May 23, 2023",2643,5,0.8877,0
4n0enQeLA8A,מה זה אומר בחזקת בשרי? | נקודה בהלכה - הרב עודד מילר,"May 15, 2023",172,28,0.8807,0
5DeXhjsIekE,למה אנחנו נשארים ערים כל הלילה בשבועות? הסוד שמשנה הכל | הרב חיים בן שושן,"May 29, 2025",2674,4,0.8803,0
H6mGG_C6HJU,"הרב זלמן מלמד שליט""א על השירות המשותף בצה""ל","Jan 26, 2023",1016,9,0.8745,0
7hTymjXiWOo,"שיחה כללית של הרה""ג חיים כץ שליט""א","Aug 6, 2019",3062,2,0.8585,0
Vbnc95ls8xk,"שיעור כללי - בדין קניין חלוקת שותפין | בבא בתרא | הרה""ג זלמן ברוך מלמד שליט""א","Oct 19, 2021",2916,3,0.8522,0
Nbz_7N2SGOA,הרב זלמן ברוך מלמד על פרשיית 'הרב מהצפון',"Jul 5, 2015",435,12,0.8464,0
6-wN7bgmZtg,"שיחת מוצ""ש לפרשת בהעלותך תשפ""ג | הרה""ג זלמן ברוך מלמד שליט""א","Jun 4, 2023",2836,2,0.8451,0
R9ndJLfy-CA,"שיחת מוצ""ש לפרשת בלק תשפ""ג | הרה""ג זלמן ברוך מלמד שליט""א","Jul 2, 2023",2741,4,0.8277,0
Xime8LUUZtQ,"הרב חיים דרוקמן זצ""ל בהקלטה נדירה!","Dec 27, 2022",44,154,0.822,0
auR14cTBs1g,"יום העצמאות ה-72 | הרה""ג זלמן מלמד - למה ד' עושה שרוב תלמידי החכמים לא שמחים כמונו ביום הזה?","Apr 29, 2020",1983,8,0.8195,0
49ovQzC5Bf8,"שיחת מוצ""ש לפרשת קרח | הרה""ג זלמן ברוך מלמד שליט""א","Jul 7, 2024",2621,11,0.8181,0
DBG0ZF4hWzI,"""גדול מגידי השיעורים"" I הרב זלמן ברוך מלמד מדבר על הרב מרדכי שטרנברג זצ""ל","Dec 5, 2022",199,38,0.801,0
fZ6v7xigeJc,פרשה כפשוטה - פרשת מקץ,"Dec 27, 2016",3688,1,0.8009,0
ijwx2b6dDmY,פרשה כפשוטה - פרשת בשלח,"Feb 8, 2017",3762,6,0.7963,0
lo42n43YFL4,"שיחת מוצ""ש לפרשת פינחס תשפ""ה | הרה""ג זלמן ברוך מלמד שליט""א","Jul 20, 2025",1826,7,0.7927,0
mpn5kycvA3E,"חלות איסור על איסור | שיעור כללי מאת ראש הישיבה הרב זלמן ברוך מלמד שליט""א","Jan 7, 2025",2666,2,0.7854,0
rHqoANOXF8A,"זכרון ועצמאות תש""ף - להיות עצמאי באמת| הרב חגי לונדון","Apr 27, 2020",2809,1,0.7802,0
AtIrNXHN3go,"שיחת מוצ""ש לפרשת כי תשא תשפ""ו | הרה""ג זלמן ברוך מלמד שליט""א","Mar 8, 2026",2911,1,0.778,0
IhbOWODa0W4,"שו""ת סוף זמן חורף תשפ""ו | רה""י הרב זלמן ברוך מלמד שליט""א","Mar 19, 2026",7686,10,0.7739,0
vLQnRBRRB8E,למרות כל השקרים בתקשורת | נקודה למחשבה - הרב אורי שרקי,"Oct 12, 2025",171,79,0.7718,1
u6Awd239jSs,פרשה כפשוטה - פרשת דברים,"Jul 30, 2017",3189,6,0.7711,0
O3O4Q616SBQ,חיים דוד סרצ'יק מספר על חזרתו בתשובה,"Nov 11, 2014",842,10,0.7685,0
QsdF8-ncUHQ,מגילת איכה וקינות לתשעה באב בשידור חי,"Jul 27, 2023",3700,4,0.7667,0
XomC9yDMnso,9. פרקי זיכרונות - הרב אברהם גורביץ,"Aug 18, 2020",807,7,0.757,1
sMTuw98wjp8,הרב ירחמיאל וייס,,1818,11,0.7497,0
vHgWdNCcvdE,"שיחתו של הרה""ג חיים כץ שליט""א","Feb 25, 2020",2686,1,0.7459,0
3NjgC7y1Xdg,כוחם ומהותם של משיח בן יוסף ומשיח בן דוד | הרב זלמן מלמד,"Dec 24, 2023",2329,7,0.7453,0
bwl8EZjXU2o,אימון לשיפור המידות - הרב זלמן מלמד (תניא פרקים יג - יד),"Jan 17, 2019",2690,1,0.7448,0
jtACwNIzog4,"מזיק הקדש - הרה""ג זלמן ברוך מלמד שליט""א","Dec 10, 2019",2671,1,0.7398,0
V4_S9QkYI4Y,"שיחת מוצאי שבת פרשת מטות מסעי - הרה""ג זלמן ברוך מלמד שליט""א","Jul 14, 2018",2301,4,0.7361,0
KTnNuC4buVo,ארבע כוסות או חמש? | שיעור מרתק לליל הסדר | הרב יעקב מידן,"Mar 24, 2026",4094,6,0.7357,0
h_FKxClPwCg,פרשה כפשוטה - פרשת תצוה,"Mar 8, 2017",4211,4,0.734,0
OzzuMV4HzKQ,"חברה מעורבת - הרב זלמן מלמד שליט""א","Jan 29, 2015",274,20,0.726,0
e8hYiBvvns0,מעלת הכנה למתן תורה - הרב חיים בן שושן,"Jun 3, 2019",2516,7,0.7248,0
qtJTNSeUU-o,למה ללמוד גמרא?| פתח אמונה| אלישיב קפקה| אתר ישיבה,"Jan 24, 2020",163,29,0.7233,0
jON8WVDcttY,"בדין ההכחשה של עד אחד נגד עד אחד בעד מיתה | שיעור כללי מאת הרב חיים כץ שליט""א","Feb 11, 2025",2806,2,0.7167,0
Lmc-5S0hJ_I,"פרשת משפטים- איך מכניסים את הקב""ה לפרטים | הרב חיים בן שושן","Feb 8, 2024",2434,3,0.7129,0
oSyVz90KxFE,"שיעור כללי במסכת שבת | מרבה בשיעורין  - חשמל בשבת | הרה""ג זלמן ברוך מלמד שליט""א","Dec 27, 2022",2991,2,0.7089,0
M_yHLsXB3-Q,"שיחה מאת הרב חיים כץ שליט""א","Jan 13, 2026",2626,5,0.7081,0
Q0JQqAi_VXI,עבודת ימי ספירת העומר | הרב חיים בן שושן,"May 6, 2025",2294,11,0.7077,0
HPwwphenqaA,"שיעור כללי במסכת שבת | בדין מתעסק בשבת | הרה""ג זלמן ברוך מלמד שליט""א","Nov 29, 2022",2799,2,0.7009,0
5zGF0VtS1uI,"הרב זלמן מלמד שליט""א - ללכת כמו פתי אחרי הרב?","Jun 30, 2019",524,10,0.6863,0
fGlNuzhJ3OA,פרשה כפשוטה - פרשת ויחי,"Jan 12, 2017",3938,3,0.6852,0
tZl1-0kTUrY,הגאון הרב חיים כץ - התחברות לצדיקים,"Jan 8, 2019",2794,2,0.6804,0
7FyASkFeOkQ,תפילת יום ירושלים בשמחה וריקודים בישיבת בית אל | שידור חי!,"Jun 5, 2024",4241,18,0.6752,0
NDfV1Ry83k8,"החיבור לתנ""ך ולירושלים – הנשק החזק ביותר של עם ישראל | השר עמיחי אליהו","May 17, 2026",669,14,0.6743,0
551O5Hk7JIM,"שיעור ליום העצמאות | מלחמת מצוה ומלחמת רשות | הרב אליעזר בן פורת שליט""א","Apr 26, 2023",2391,3,0.67,0
RxhGB_yTn2M,"שיחת מוצ""ש לפרשת פנחס תשפ""ג | הרה""ג זלמן ברוך מלמד שליט""א","Jul 9, 2023",2451,3,0.6604,0
VCxpzZi_YZY,"הרב ירחמיאל וייס - פודקאסט ""קול הנשמה""",,1823,13,0.6529,0
qYeAW4sCqw4,פרשת יתרו- עוצמתו של מעמד הר סיני | הרב חיים בן שושן,"Feb 1, 2024",2340,2,0.6517,0
s5tkv30XN1s,העצרת המרכזית לציון 50 שנה לשחרור ירושלים בישיבת מרכז הרב,"May 24, 2017",23623,10,0.6491,0
eD8KzuiI4Ec,"שיחה לפרשת חוקת: למה משה רבנו לא נכנס לארץ? | הרב זלמן מלמד שליט""א","Jul 14, 2024",2656,7,0.6454,0
xth0m1SfyEA,"הרה""ג זלמן ברוך מלמד - אורות ישראל ותחייתו  פרק יב","Dec 24, 2018",2453,5,0.6442,0
GzaUxMfYfwI,אבנים עם לב אדם | הרב חיים אביהוא שוורץ,"May 17, 2023",593,15,0.6418,0
UuCi8ikr5ac,הרב חיים בן שושן - עבודת המידות בספירת העומר חלק א',"Apr 28, 2019",2207,3,0.6399,0
EG-OIdK4uyw,"בדין כח כוחו וכח שני, בנזיקין, בשחיטה ובשבת | שיעור כללי מאת הרב זלמן מלמד שליט""א","Jan 7, 2026",2706,1,0.6347,0
yT3GdaneNTo,על מקומה הנפשי והרגשי של הפסיקה ההלכתית בתקופת השואה,"Apr 20, 2020",2251,2,0.6292,0
abdW1rgh9XE,"שיחת מוצ""ש לפרשת מטות מסעי תשפ""ה | הרה""ג זלמן ברוך מלמד שליט""א","Jul 27, 2025",1736,4,0.6254,0
4tPVdRpzSNs,"שיחת מוצאי שבת פרשת פנחס - הרה""ג זלמן ברוך מלמד שליט""א","Jul 8, 2018",1865,4,0.6043,0
8atQgg162As,יואל צור - החלטה שמשנה הכל!,"Apr 22, 2015",317,11,0.5902,0
SIPBIXmWqBg,תשובה- תשוקה לקרבת ה' שיעור מרתק מהרב חיימי,"Aug 23, 2018",2564,6,0.5707,0
gTFgwlr5CRY,הדלקה וכיבוי אש ביום טוב - הרב עודד מילר | נקודה בהלכה,"Jun 1, 2022",237,13,0.567,0
J-IXoa2zswM,אזכרת החייל דוד יהודה יצחק בשידור חי,"Aug 3, 2023",4424,5,0.5595,0
Vtb-YhfLeAM,"קידושין בהנאה או בקניין | שיעור כללי מאת מרן רה""י הרב זלמן ברוך מלמד שליט""א","Jun 18, 2024",2926,2,0.5558,0
W6tPkt-jDAY,תפילת יום ירושלים בישיבת בית אל,"May 28, 2022",3955,6,0.5535,0
JevJ9L2rkUg,"""זה הרב צבי יהודה!"": מה קרה בבית אל בדיוק ברגע פטירת הרב? | דקה לפני שבת פרשת כי תשא התשפ""ו","Mar 5, 2026",89,36,0.5489,0
YxoohMJuo-s,"עיקר הנדר ומהותו | שיעור כללי מאת הרב זלמן מלמד שליט""א","Apr 28, 2026",2796,9,0.5389,0
66M4GHnhbYA,פרשה כפשוטה - פרשת תזריע,"Apr 26, 2017",2532,1,0.5331,0
cKZ7G5xRWXw,"אזכרה לרב חנוך פיוטרקובסקי ז""ל בישיבת בית אל","May 31, 2021",5121,2,0.5294,0
KMFbzZaL5w8,מדוע קוראים את מגילת רות בשבועות? | נקודה למחשבה - הרב עודד מילר,"May 21, 2023",158,23,0.5278,0
xA2Xmk0Nw-c,"עדות בקידושין | שיעור כללי מאת מרן רה""י הרב זלמן ברוך מלמד שליט""א","May 28, 2024",2913,4,0.5252,0
57aSbT8kRPo,"שיעור כללי בענין יש כח לחכמים לעקור דבר מן התורה. הרה""ג זלמן ברוך מלמד שליט""א","Oct 16, 2018",2365,7,0.5239,0
LqzbjZ8Iz90,"""יהודי חם עם לב רגיש"" I הרב שוורץ סופד לרב מרדכי שטרנברג זצ""ל","Dec 5, 2022",685,7,0.5234,1
bVWnhiQts9A,מה גודל הכיפה המינימלי?!? הרב זלמן מלמד,"Mar 9, 2015",453,11,0.5209,0
HSF25VgL_cc,"מה חז""ל'באמת רצו שנרגיש בין י''ז בתמוז לט' באב? | נקודה למחשבה |הרב איתן מינקוב","Jun 30, 2026",90,45,0.5121,0
C_HdQEh8Wqo,התפקיד של עם ישראל - הרב מרדכי גרינברג,"Jun 3, 2026",49,172,0.5083,0
FHSBQ29c6ak,פרשה כפשוטה - פרשת כי תשא,"Mar 16, 2017",3980,1,0.5037,0
bCJ_dWTzCxs,"שיעור כללי - בגדרי עשה דוחה לא תעשה | בבא בתרא | הרה""ג חיים כץ שליט""א","Dec 28, 2021",3421,1,0.4989,0
711Gu0I9ZJg,פרשה כפשוטה - פרשת וזאת הברכה,"Oct 11, 2017",3246,2,0.4959,0
TgHNe8g07hQ,הרב יהודה מלמד - מפני מה אנו מצפים לימות המשיח?,"Dec 25, 2018",2563,3,0.4958,0
rycQK4UL4W0,ברכות השחר למי שהיה ער כל הלילה - הרב עודד מילר | נקודה בהלכה,"May 31, 2022",307,8,0.4926,0
usd76TiAnns,"שיחת מוצאי שבת פרשת שלח - הרה""ג זלמן ברוך מלמד שליט""א","Jun 22, 2019",2026,1,0.486,0
3v-8QmzHjCs,"שיעור מענייני דיומא מאת הרב זלמן ברוך מלמד שליט""א | עשרה בטבת תשפ""ו","Dec 30, 2025",1701,3,0.4777,0
nEoFl9VQ9og,"שיעורו של הרה""ג זלמן ברוך מלמד שליט""א - יד לצדקה","Jun 2, 2020",2482,1,0.4605,0
hF0ff952X5k,"ישי ריבו ""ישאלוני רעיוני""","Sep 5, 2016",579,9,0.4602,0
DpbVb6xUiYw,הרב לונדין לג בעומר,"May 15, 2025",51,46,0.4602,0
5H7TBct81qs,"ל""ג בעומר | ההדלקה המרכזית בישיבת בית אל | שידור חי!","May 25, 2024",8069,17,0.4596,0
D6DX0vc0KJc,פרשה כפשוטה עם הרב איתמר ליברמן - פרשת לך לך,"Jan 10, 2019",3051,6,0.4577,0
VGeVKPQPUr0,נשמה לשבת - פרשת שלח,"Jun 15, 2017",296,50,0.4547,0
bIYXHVxZf_0,"""לפני עוור לא תתן מכשול"" | הרב מיכאל אדרעי, ראש ישיבת ההסדר כפר מימון","May 19, 2025",1948,8,0.4476,0
mghXLJvuHog,"יסוד חיוב נזקי ממון | שיעור כללי מאת הרב אליהו בלומנצוויג שליט""א","Nov 4, 2025",3821,8,0.4439,0
81xww6NvE_Y,סיפור המערה: המהפך בחייו של התנא רבי שמעון בר יוחאי | קצרים למועדים - הרב ינון גרוסברג,"May 5, 2023",123,18,0.4435,0
7OJenjHlDkM,"הפה שאסר הוא הפה שהתיר | שיעור כללי מאת הרה""ג הרב דוד לייבל שליט""א","Apr 8, 2024",3435,1,0.4434,0
uqJocr8gmno,איך להגדיל או להקטין רצועות תפילין של ראש בקשר מרובע? | נקודה בהלכה - הרב יוסף צבי רימון,"Mar 4, 2025",142,25,0.4434,0
 -j7PZKEqAAc,"אהבת הארץ, הפלישתים תחילתם וסופם | הרב יוסף כרמל, ראש כולל 'ארץ חמדה'","May 19, 2025",1580,3,0.4418,0
d-pHqfZ16s8,"שיחת מוצאי שבת - מטות מסעי התשפ""א | הרה""ג זלמן ברוך מלמד שליט""א","Jul 10, 2021",2856,2,0.4368,0
POrghCzvrCQ,"3. קדושת הנזירות – מדברי מו""ר הגאון הרב שאר-ישוב כהן זצ""ל","Aug 18, 2020",1334,6,0.433,0
VGOMNAJ_pG4,"הרב דוד דודקביץ' | כנס התעוררות לימים הנוראים | 30 לפטירת הרב זלמן נחמיה גולדברג זצוק""ל| אתר ישיבה","Sep 21, 2020",1602,1,0.4305,1
S8vXTJg-n3A,איך פרה אדומה מכפרת על חטא העגל? | רגע בפרשה - פרשת חוקת,"Jul 11, 2024",150,14,0.4293,0
R2iZA2uwihI,האם מותר לשטוף כלים בשבת? | הרב עודד מילר,"May 10, 2021",260,11,0.4272,0
k-L3e99Cd8w,"""איזהו העשיר השמח בחלקו!"" | רגע בפרשה - פרשת בהעלותך","Jun 20, 2024",145,17,0.4262,0
hZv8bVWFMfQ,"חגיגות יום ירושלים  התשפ""א בישיבת בית אל - שידור חי!","May 9, 2021",8364,4,0.4254,0
W8iKipo3N0Q,מי אתה שמעון הצדיק? - הרב ויצן בשיעור מרתק!!,"Oct 7, 2018",2215,10,0.4212,0
ZfZ1HjuRhSU,"""כי עין בעין יראו"" | בקשתו המיוחדת של אל""מ יהונתן שטיינברג הי""ד מתלמידי ישיבת בית אל","Oct 10, 2023",61,34,0.4158,0
nJsUrRQ7D_Q,"השידור המרכזי של תפילת ערבית ליום ירושלים תש""פ!","May 21, 2020",4546,9,0.415,0
_kmQNbQlv_w,מעבר מיום הזיכרון ליום העצמאות,"Apr 22, 2026",2140,6,0.4144,0
53NMBYb3iLs,"שיחת מוצ""ש לפרשת בהר בחוקותי תשפ""ה | הדיין הרב משה חביב שליט""א","May 24, 2025",2141,8,0.4117,0
ydUyZ7RKbsY,"שיחת מוצאי שבת - שלח-לך התשפ""ב | הרה""ג זלמן ברוך מלמד שליט""א","Jun 18, 2022",1475,1,0.4064,0
K9DjKriFFas,האם מותר להתקלח ביום טוב? - הרב עודד מילר | נקודה בהלכה,"Jun 2, 2022",351,6,0.4054,0
4KC5QlKJnYk,שיעור לט' באב - ציפית לישועה? | הרב יעקב שפירא,"Aug 11, 2024",1767,5,0.401,0
Ya7lLVcKfY0,איך מותר לנקות בגדים בשבת | נקודה בהלכה - הרב איתן מינקוב,"Jan 30, 2025",165,12,0.3998,0
NPiG3yqxuoE,"""מפסיקין לקריאת שמע ואין מפסיקין לתפילה"" | הגאון הרב קלמן בר, הרב הראשי לישראל","May 19, 2025",2018,6,0.385,0
kvu4a2XZa-M,"ביטול חמץ מדאורייתא או מדרבנן? | רה""י הרה""ג זלמן מלמד שליט""א","Mar 24, 2026",2384,1,0.3773,0
1Zp-EfWvgvs,ישמח משה - החזן העולמי יצחק מאיר הלפגוט והפייטן הבכיר משה לוק!,"Mar 9, 2020",271,8,0.3761,0
2YOzXq4hwxo,"1. דברי פתיחה - עו”ד אברהם (רמי) גורן, נכדו של הרב הנזיר","Aug 18, 2020",458,15,0.3723,0
H12uH1S56To,ספירת העומר במשנת ברסלב - הרב יוסף נווה,"Apr 22, 2020",2000,6,0.3702,0
jXrZUj0sTBk,שידור חי הקפות שניות🤩,"Oct 17, 2022",16,154,0.3684,0
Zq3lHo8GdnI,אזכרה בישיבת בית אל במלאת שלושים לפרוץ המלחמה,"Nov 13, 2023",2776,4,0.364,0
CR8p78oD80Q,"ערך החיים ותפקיד הייסורים - הרה""ג חיים כץ שליט""א","Dec 25, 2018",2719,3,0.3603,0
jPLqnI3nrO0,ארבע כוסות ושלוש מצות | נקודה למחשבה - הרב ינון גרוסברג,"Apr 2, 2023",150,9,0.3573,0
2KBmz3VMPd8,"""ועשו לי מקדש"" - ה' איתנו תמיד! | הרב חיים בן שושן | פרשת תרומה | התשפ""ו | אתר ישיבה","Feb 19, 2026",2398,6,0.3541,0
gdLB0cqfBXE,"יום עיון והכנה לפסח בישיבת בית אל | תשפ""ו - חלק ב'","Mar 20, 2026",8246,14,0.3511,0
xdDLZkx0tTg,עובד במה שנח או עבד של ה'? שיעורו המעלף של הרב חיים בן שושן,"Oct 10, 2018",2207,10,0.3496,0
3mExUn-pSuY,"הילולת רבנו חי טייב לא מת זיע""א","Dec 1, 2023",6827,7,0.3488,0
bHR78a6KBN8,"מלוה מלכה עם הרב אורי שרקי שליט""א בישיבת בית אל | בנושא 'מזכירין יציאת מצרים בלילות'","Nov 19, 2022",6744,4,0.3459,0
orZYur3vy5I,"שיעור כללי - בעניין כבוד תלמידי חכמים הרה""ג זלמן ברוך מלמד שליט""א","Jun 26, 2018",2993,3,0.3454,0
XjszGQ3guyo,"עין תחת עין ממון - שיטת הרמב""ם | שיעור כללי מאת הרב זלמן מלמד שליט""א","Feb 3, 2026",2406,1,0.3423,0
nPU5JQ3vZcI,"שיעור כללי מפי הגאון הרב צבי שכטר שליט""א ראש הישיבה יוניברסיטי בענייני קידושין","Jul 24, 2024",3502,13,0.34,0
uVhqiAgigFQ,"מי יבנה את בית המקדש השלישי? | הרב אביגדור נבנצל שליט""א","Jul 20, 2023",51,59,0.3302,0
2MJy8Z2_OnA,שמחה לארצך | ישיבת בית אל,"Sep 12, 2023",169,30,0.3273,0
5ETWmFx0_kU,אורות ישראל | קדושת הגוף ורוח הקודש בארץ ישראל | הרב שלמה יוסף  ויצן,"Mar 12, 2026",2100,11,0.3269,0
_8cNRTiRhMg,"שיעור מיוחד מהרב דוד אמיתי לכבוד ל""ג בעומר","May 12, 2020",2210,1,0.3244,0
qdNWqIOVoGo,"7. פרקי זיכרונות - הרב חיים ישעיהו הדרי זצ""ל, ראש ישיבת הכותל","Aug 18, 2020",1804,3,0.3241,0
4yyYdjJg4Hc,למה תמיד יש מחלוקת? | הרב אלישיב קפקה| פתחי אמונה |אתר ישיבה,"Jan 16, 2020",152,11,0.3231,0
iQYHNSLCrPU,"אבנים בגודל 30 אמה - הרב שבתי סבתו שליט""א | כנס אסופות תשפ""ו","Jun 2, 2026",702,11,0.315,0
IB-1D7qGZic,"שיעור כללי במסכת שבת | כללים במלאכות שבת | הרה""ג צבי שכטר שליט""א","Jan 15, 2023",3449,2,0.3147,0
xfOAbT7Yl5w,"תפילת ליל יום העצמאות תשפ""ד | ישיבת בית אל","May 14, 2024",4191,12,0.3128,0
TABmYoH3L2s,"שיחה לצום י""ז בתמוז | הרה""ג זלמן ברוך מלמד שליט""א","Jul 7, 2023",1105,2,0.3127,0
N9HoNtp6Tjw,"שיחה כללית - השנה שמסתיימת בחג שבועות | הרה""ג חיים כץ שליט""א","May 31, 2022",2931,1,0.3093,0
933enplQsYg,"פי 500?! החשבון המדהים של הרה""ג זלמן מלמד שליט""א שישנה לכם את המבט על עם ישראל","Mar 7, 2026",98,25,0.3037,0
svKgCLHRVkM,"י""ז תמוז - יום תיקון וציפייה למקדש | הרב זלמן מלמד שליט""א","Jul 22, 2024",2084,6,0.303,0
qf3G041CgeQ,"שיחת מוצ""ש במדבר תשפ""א | הרה""ג זלמן ברוך מלמד שליט""א","May 15, 2021",2156,1,0.3018,0
69f5wIgfWh8,התוועדות ליל סליחות ראשונות - ישיבת בני צבי,"Sep 12, 2020",5416,5,0.3005,0
hPwJdMBcG4Q,"יום ירושלים התשפ""א - העצרת המרכזית בישיבת מרכז הרב | שידור חי","May 10, 2021",14786,12,0.2994,0
YtW0KG0jWZw,נשמה לשבת - פרשת במדבר,"May 25, 2017",295,8,0.2971,0
szH2IFSEaes,"בדין היזק שאינו ניכר | שיעור כללי מאת הרב זלמן מלמד שליט""א","Dec 9, 2025",2586,3,0.2968,0
WBs76FnLj_o,"הלל בשירה וריקודים | תפילת שחרית ליום העצמאות תשפ""ג | ישיבת בית אל","Apr 26, 2023",2676,16,0.2936,1
ra52TWMvC3E,"הכנה לשמיטה | הרה""ג מרדכי שטרנברג שליט""א","Mar 14, 2021",4711,3,0.2929,0
wbD35z0WFgk,"שיחת מוצ""ש לפרשת משפטים תשפ""ו | הרה""ג זלמן ברוך מלמד שליט""א","Feb 15, 2026",2581,1,0.2863,0
sA8ygX5sg3Q,"התוועדות הכנה לראש השנה תשפ""ו בישיבת בית אל | שידור חי","Sep 21, 2025",6734,7,0.2856,0
Qrj6LHxBR34,דיני ברכות בתיקון ליל שבועות | נקודה בהלכה  - הרב איתן מינקוב,"May 23, 2023",168,33,0.2837,0
d8R9yMacwKw,"שיעור כללי- הכל מעלין לארץ ישראל הרה""ג זלמן מלמד שליט""א","Mar 13, 2018",2927,1,0.2812,0
Zl-XF6WkWUE,"תחיית עם ישראל | סוד ""הכלל והפרט"" במשנת מרן הרב קוק זצ""ל | הרב יהושע מגנס שליט""א","Feb 25, 2026",2401,4,0.2726,0
XJgTKKJtjQ8,"שיחה לצום י""ז תמוז תשפ""ה | הרה""ג זלמן ברוך מלמד שליט""א","Jul 14, 2025",881,2,0.2703,0
PIwGqQkx1V0,"השינוי שחולל הרב מרדכי בבית המדרש | הרב חיים כץ סופד לרב מרדכי שטרנברג זצ""ל","Dec 14, 2022",308,6,0.2701,0
8IJEXhiy2oM,"כפיה בגט, גט מעושה | שיעור כללי מאת ראש הישיבה הרב זלמן ברוך מלמד שליט""א","Sep 16, 2025",2601,1,0.2693,0
q5AZlZV7zKw,"אלול, סליחות, תשובה ומה שביניהם | הרב חיים בן שושן","Sep 22, 2024",2242,4,0.2668,0
fXAAZHSRuZk,סיום מסכת זה מסוכן!  | הרב משה גנץ,"Aug 8, 2024",112,11,0.2642,0
c9G2AIyAbn0,מה חשוב לשים לב כשמדליקים נרות שבת? | הלכות הדלקת נרות הרב איתן מינקוב,"Jul 1, 2021",203,7,0.2619,0
X3agoECecIo,"""מי לא מרגיש חסר"" - הרב חיים דרוקמן זצ""ל","Dec 25, 2022",250,7,0.2519,0
f1Ec6dajRN4,פרשה כפשוטה - פרשת יתרו,"Feb 15, 2017",3567,2,0.2511,0
5Q6-PUAuQqA,הסוד של רבי עקיבא: איך לראות אור בתוך החושך? (המשקפיים שישנו לכם את ליל הסדר) | הרב דודי דוקביץ,"Mar 24, 2026",2901,5,0.2482,0
GI0MKWIt8A4,"האם אפשר להיות יהודי שלם מחוץ לארץ ישראל? | הרה""ג זלמן מלמד שליט""א | מתוך שיחת מוצ""ש לפרשת משפטים","Feb 10, 2026",749,2,0.2477,0
O0kIn1cLLYE,התוועדות - ניגונים והכנה לפורים בישיבת בית אל,"Mar 1, 2026",7140,9,0.2474,0
olCiyZq5jIw,"למה אומרים ""במה מדליקין"" בערב שבת? | הלכה בטעמה - הרב אריאל כהן","Jun 9, 2022",171,6,0.2462,0
wViSN5N09S0,"החלום הגדול לא משתיק את האדם | הרב אליהו בלומנצויג שליט""א | כנס אסופות תשפ""ו","Jun 2, 2026",342,18,0.2425,0
HR3GDpOQnTg,"ושאבתם מים בששון ממעייני הישועה | כמידי מוצ""ש לומדים למען עם ישראל והחיילים | 20:00 שידור חי","Dec 24, 2023",11663,4,0.2419,0
PTSEckOVTPQ,"שיעורו של המקובל הרב יעקב עדס שליט""א עיון במסכת ב""ק וחיזוק בעבודת ה'","Nov 12, 2019",3747,5,0.2404,0
qAaObNuxvGQ,"דיין, לוחם וגיבור: הרגע שבו הרב אברהם זרביב העלה את התורה ואת צה""ל על נס","Apr 23, 2026",202,10,0.2378,0
4viJKReLPdQ,יום העצמאות בישיבת בית אל | שיחות ליום העצמאות וריקודי שמחה | בשידור חי,"May 14, 2024",6177,15,0.2345,0
NykEr3zIjFY,התוועדות הכנה לשבועות | ישיבה גבוהה בית אל | אתר ישיבה,"Jun 2, 2022",5973,6,0.2311,0
JHBJeq-bj_w,משמעות המילים והדיבור שלנו | רגע בפרשה - פרשות מטות-מסעי,"Jul 31, 2024",105,11,0.2285,0
A8Tad8imrX0,מהי המלכות שיש בכתר התורה? | קצרים למועדים - הרב שמואל אליהו,"Jun 9, 2024",137,10,0.2256,0
kXTV5-xnEys,"תפילת מנחה תשעה באב תש""פ - שידור חי מישיבת בית אל","Jul 30, 2020",6353,4,0.2246,0
5dlYYiNQOew,"תפילת שחרית ביום ירושלים מהכותל המערבי תשפ""ג | יום שישי 7:30","May 19, 2023",5054,3,0.2143,0
NbQbuUuZbtw,"שידור חי - קריאת המגילה מישיבת בית אל תשפ""ב","Mar 16, 2022",5692,6,0.2117,0
2Qn0xDobTB8,הטוב שביסורים - הרב זלמן מלמד (תניא פרק כו),"Jan 24, 2019",2682,1,0.2109,0
EjsYak6e-yE,במה נעבוד כשהבינה המלאכותית תחליף את כולנו? | נקודה למחשבה - הרב עזרא כהן,"Mar 17, 2024",165,7,0.2109,0
RrVJDCu6tmo,"איך יוצאים מעצבות? | הרב אביחי לבנוני שליט""א","Mar 9, 2026",80,25,0.2091,0
X9UZ52G6FdQ,אחדות עם ישראל והטוב שקיים אצל כולם | הרב זלמן ברוך מלמד,"Feb 20, 2024",2398,5,0.2075,0
MJncjTVr8YM,דברי חיזוק לחודש אלול- הרב חיים בן שושן,"Aug 12, 2018",2459,7,0.2035,0
ggi1QD1nOlk,"חגיגות יום העצמאות התשפ""א בישיבת בית אל","Apr 14, 2021",10791,5,0.2004,0
Futi7KSLZcE,מה אנחנו לומדים ממגילת רות ואיך זה קשור לחג השבועות?,"May 21, 2023",50,24,0.1995,0
WFQxUic8VjQ,"4. דברי זיכרון - הראשון לציון הגאון הרב שלמה משה עמאר שליט""א, רבה של ירושלים","Aug 18, 2020",1178,2,0.1971,0
KneQfaXbEas,"דרשת שבת שובה | הרה""ג זלמן ברוך מלמד שליט""א","Oct 6, 2024",3966,2,0.1961,0
4iQru48hKSg,"שיעור כללי - תוס' לפיכך | בבא בתרא | הרה""ג חיים כץ שליט""א","Oct 12, 2021",3801,2,0.1914,0
YrjbLIxTsoo,"שיעור כללי מאת הרב צבי שכטר שליט""א | ישיבת בית אל","Jan 1, 2024",3394,6,0.191,0
kpNrZPg8bNA,סליחות ראשונות בישיבת בית אל - שידור חי!,"Aug 28, 2021",3940,6,0.1909,0
kWadz73w6JE,הרב פרץ איינהורן – 'לחבר שמים וארץ' חזק!!!,"Aug 29, 2019",150,11,0.1899,0
yN7EQP4S1Cg,רצונם המיוחד של 250 איש מקריבי הקטורת | רגע בפרשה - פרשת קורח,"Jul 3, 2024",154,9,0.1898,0
32p6GtBXxU8,התורה שלנו היא לא מיסטיקה! - הרב זלמן מלמד,"Nov 7, 2018",2511,6,0.1875,0
HznSkpzzlHs,קריאת מגילה בישיבת בית אל - בשידור חי,"Mar 6, 2023",3927,3,0.1858,0
aqjp3ldvjKA,"""גדול המעשה יותר מהעושה"" I הרב זלמן ברוך מלמד סופד לרב חיים דרוקמן זצ""ל","Dec 25, 2022",619,2,0.1851,0
cGP1J32DwpE,"12. הרב מאיר שמחה מונדשיין - ""המה והאיך"" כיצד ניגשים ללמוד תורה","Aug 18, 2020",928,9,0.1825,0
VCsxCk3LUfg,אתחלתא | תורה שמאירה דור | כנס אוהבי לומדי התורה ולומדיה בארץ ישראל |,"Jun 10, 2022",10700,8,0.1817,0
pLe_KnwfPDY,"בדיקת פירות ט""ו בשבט: תותים","Jan 29, 2023",25,14,0.1802,0
ERXj_Biz7zw,"שיחת מוצ""ש לפרשת בלק | הרה""ג זלמן ברוך מלמד שליט""א","Jul 21, 2024",2641,5,0.1794,0
MRs096migrw,עצרת ההודיה המרכזית ליום ירושלים בישיבת מרכז הרב,"Jun 6, 2016",11891,3,0.1785,0
JGWYvTnDk6E,שיחה מפי הרב חיים כץ בישיבת בית אל,"Feb 13, 2024",2627,5,0.1782,0
iahD0KgREuM,"קורח ושמואל | שיחה לפרשת קורח | הרה""ג חיים כ""ץ שליט""א","Jun 20, 2023",2881,1,0.1758,0
PeSMKLewms8,"התוועדות הכנה לפורים תשפ""ה בישיבת בית אל | שידור חי","Mar 9, 2025",6821,1,0.1757,
LYFi_TOZ7Aw,אתר ישיבה| הרב חיים בן שושן| איך עושים תשובה כמו שצריך?,"Sep 11, 2019",173,6,0.1723,0
LFdAO9RhUXI,האם מותר לטייל במקום בלי מניין? | נקודה בהלכה - הרב עודד מילר,"Aug 1, 2023",188,4,0.1721,0
j--7xP9Ny7Q,"הספד לרב חנוך פיוטרקובסקי ז""ל | הרב חיים סולטן שליט""א","May 26, 2021",646,3,0.1704,0
NodsMJ5FpzY,"אפיית מצות בבית הרב מרדכי אליהו זצ""ל","Mar 27, 2019",116,14,0.1697,0
1ih5cL-3Zrk,"""מי יתן לנו תמורתו"" ר' יהושמה ביננפלד נכדו של הרב דרוקמן זצ""ל סופד לו","Dec 31, 2022",1575,11,0.1673,0
hJR11yiSwCI,"""וספרתם לכם ממחרת השבת"" על איזו שבת מדובר? | רגע בפרשה - פרשת אמור","May 19, 2024",162,10,0.1639,0
dp380xGbyGw,"אל""מ יהונתן שטיינברג הי""ד במסר חשוב ללומדי התורה","Oct 12, 2023",43,28,0.1619,0
5WbDz4R8q-E,"שיחת מוצ""ש פרשת בהעלותך תש""פ | הרה""ג זלמן ברוך מלמד שליט""א","Jun 6, 2020",1946,2,0.1592,0
o5GUWwdhNiA,נושאים עיניים לשמיים | הרב חגי לונדין,"Oct 25, 2023",60,46,0.158,0
LCaXbez1YLI,אסופות | כנס הישיבות ה-4 | קוממיות בארצנו,"Mar 7, 2024",17090,5,0.1517,0
ee8Am6_klxU,"קווים לדמותו של הגאון הרב מרדכי שרעבי זצוק""ל","Oct 28, 2018",2160,3,0.1517,0
xTfrwqHBH2E,מהותה של ירושלים | הרב חגי לונדין,"May 17, 2023",137,4,0.1517,0
tlFiSCLiuu4,הסוד שחצרות המקובלים לא רוצים שתדעו... כל אחד יכול להיות בבא!,"Feb 15, 2026",152,5,0.1509,0
VePgfRZa5Mc,"השאלה ב""שאל את הרב"" ששינתה את החיים | הרב עזריה אריאל","Aug 4, 2022",260,10,0.1508,0
NE6NIrkrf3M,"יעקב הרניק, מנכ""ל המוסדות בטקס הנחת אבן פינה לפנימייה החדשה בישיבת בית אל","May 10, 2023",416,5,0.1497,0
E6B0JX1o8o8,"הרב יהושוע שפירא | פסח, תפילין וסוד הבכורה | חידוש העולם ויציאת מצרים","Apr 5, 2026",1164,3,0.1484,0
rgJcYzqU9Ao,אל תתנו לו לקרר אתכם! | הרב אביחי לבנוני,"Feb 25, 2026",120,16,0.1481,0
YbOp_Y607kI,"שיחת מוצ""ש פרשת קרח | הרה""ג זלמן ברוך מלמד שליט""א","Jun 29, 2019",2169,6,0.1459,0
Kuc0OSPbSbI,siyum72 at150,"Nov 10, 2014",496,1,0.1452,0
U6wSWB4l3m0,"דחויה או הותרה בדיני התורה השונים - הרה""ג ראם הכהן שליט""א","Mar 13, 2019",1757,3,0.1437,0
yf6NmfO8n_I,סדר יום חדש למדינת ישראל | חגי לובר,"May 12, 2024",495,1,0.1407,0
a7Pkm8AW1AI,"שיעור כללי - הרה""ג חיים כץ שליט""א | מצוות לאו ליהנות ניתנו","Jul 7, 2020",3605,2,0.1387,0
yCSgtBmdEQs,מה אכפת לך? | מבט יהודי - הרב גלעד לואיס,"Jun 21, 2022",174,5,0.1353,0
O3nstUsrL00,"החיזוק היומי: הרב זלמן מלמד - לא רק להגיד ""הכל לטובה""!","Jan 6, 2019",189,6,0.134,0
mK9hOKoiYW8,שידור מישיבת בית אל | לכבוד יום ירושלים | סרטון שלישי,"May 28, 2022",3284,9,0.1338,0
sGXPPrBletU,"הרב דוד דודקוביץ' - פודקאסט ""קול הנשמה""",,2072,13,0.1329,0
Xf50vCUzofs,"""מסירות נפש לכל אדם ואדם"" הרב יוסף ויצן סופד לרב דרוקמן זצ""ל","Dec 25, 2022",473,1,0.1313,0
MnlOdd399Ng,החיזוק היומי: הרב חיים בן שושן - סוד קפיצת הדרך,"Jun 3, 2019",137,7,0.1308,0
8-CfEA0OjCk,"למה הסנגור של עם ישראל דילג על ברכת ""שלא עשני גוי""? הסיפור המדהים! 😱 | הרב יצחק מרקוביץ","Feb 26, 2026",77,21,0.13,0
0kQ66UYDpSI,"קריאת מגילת אסתר בישיבת בית אל | פורים תש""פ","Mar 9, 2020",6580,3,0.1271,0
DK-bVLf6ock,"🔴 מחר זה מתחיל! הכנס השנתי לדיני ממונות ה-35 מגיע אליכם בשידור חי 🔴
עוקבים יקרים, אנו גאים להעביר בש","Jun 14, 2026",15,212,0.1252,0
vh5jf56iNlc,הרב שמואל טל- בין התבודדות להתבוננות - חזק!!,"May 4, 2015",429,2,0.1246,0
gAfoUviIDQQ,"שיחת מוצ""ש לפרשת בחוקותי | הרה""ג זלמן ברוך מלמד שליט""א","Jun 2, 2024",2100,1,0.1243,0
PztN0EaN5Hk,חיזוק יומי: הרב חיים בן שושן - סיפור מיוחד על הרב אליהו!,"Jun 28, 2019",79,9,0.1239,0
BTKwZEB-I9o,מהו הסוד הגדול של רחל אימנו?,"Oct 28, 2020",156,4,0.1227,0
P59NfCjYbeM,"שידור חי ל""ג בעומר בישיבת בית-אל תשפ""ג","May 9, 2023",4073,8,0.1219,0
tw5ZOFFOGaI,"הרב דוב זינגר - פודקאסט ""קול הנשמה""",,1805,5,0.12,0
HOJbhLDlPvk,המעשה הוא העיקר אך מוכרחת גם כוונה - הרב חיים בן שושן,"Dec 27, 2018",2266,3,0.1194,1
AzM4BXtQ64Y,"בעניין חופת נידה | שיעור כללי מאת הרה""ג חיים כץ שליט""א","Oct 24, 2023",3733,2,0.1191,0
ZPvswMo6ALE,"""קמעא קמעא""","May 24, 2019",1177,1,0.1184,0
BAVeuql1GPg,סליחות ראשונות בישיבת בית אל - שידור חי!,"Sep 12, 2020",2871,1,0.1182,0
pWcjGhHZ6-c,"ישיבת בני צבי - ערב סיומים תשפ""ג","Dec 1, 2022",135,7,0.1176,0
AbMoS7t7hc0,"יום העצמאות ה72 | הרה""ג חיים דרוקמן (ראש ישיבת אור עציון) - יום העצמאות דאורייתא!","Apr 29, 2020",1777,3,0.1158,0
sZi058a74kU,פרשה כפשוטה - פרשת שמיני,"Apr 20, 2017",4045,1,0.1147,0
VjfnCH_ZILY,"המלחמה בשמיים מול שר ישמעאל | הרה""ג זלמן מלמד שליט""א על מבצע ""שאגת הארי""","Mar 9, 2026",174,4,0.1129,0
uLOzkK41dn8,למה ספר דברים נקרא ''משנה תורה'' | רגע בפרשה - פרשת דברים,"Aug 8, 2024",66,9,0.109,0
zVrTWx6e73U,השיבה שופטיך כבראשונה - על מערכת המשפט בישראל | נקודה למחשבה - הרב יהושע שפירא,"Jan 5, 2026",133,4,0.1059,0
XfMpWkgsP2Y,האם אדם שעובד את ה' הוא אדם חופשי? | רגע בפרשה - פרשת בהר,"May 23, 2024",137,6,0.1058,0
UCqUJygXxb0,שורש הזוגיות בדורנו - מהקודש פנימה אל הבית | נקודה למחשבה - הרב יהושע שפירא,"Jan 15, 2026",124,9,0.1054,0
9HZgY1qvVFg,הרב זלמן מלמד - אחדות ההנהגה הרבנית,"Jan 4, 2015",783,1,0.1051,0
sPaTBYXwcWM,נשמה לשבת - פרשת חוקת,"Jun 29, 2017",335,5,0.1048,0
i6ZvKb81ZZU,מהו היסוד לכל תפילה? | הרב שמואל אליהו,"Oct 27, 2023",46,17,0.1035,0
PVUHqPvXrNk,ביקור נשיא המדינה יצחק הרצוג בבית הרב ווין פסח תשפב,"May 6, 2022",523,4,0.1027,0
bzeWEVaFmtQ,הלכה בטעמה - הלכות בורר בשבת - הרב אריאל כהן,"Feb 20, 2022",190,2,0.1008,0
RAijr6N8JxI,התוועדות הכנה לשבועות בישיבת בית אל | שידור חי!,"Jun 9, 2024",4681,4,0.1008,0
mlsIRtgd9cw,"סעודה שלישית | ""רעוא דרעוין"" - רגע הרצון הכמוס של הבורא | לקראת שבת - הרב ינון גרוסברג","Dec 4, 2025",153,5,0.1007,0
vQ9Mvhz8DLA,אין קדוש כה',"Aug 11, 2020",131,7,0.0993,0
t8xDO3X8s3M,שלושה שותפים בזוגיות: מה למדנו מהאבות והאימהות? | נקודה למחשבה הרב בן ציון משה אלגאזי,"Dec 26, 2025",194,3,0.0992,0
wm5xvRIEaF8,"המסר לחינוך הילדים שכולנו חייבים לקחת ממצוות ""הקהל"" | קצרים למועדים - הרב חיים שרייבר","Oct 13, 2022",122,3,0.0953,0
se9l2bCa7pI,"מה המידה המיוחדת של האבות? | הרב איתן מינקוב שליט""א","Apr 1, 2026",108,29,0.0942,0
xj4NDT6fy9w,נקודה למחשבה - מה מסמלות התפילין? | Why do we put on tefillin,"Dec 28, 2020",167,4,0.0938,0
x8S5dncxDI4,"הנתונים של מדור ""שאל את הרב"" מבית אתר ישיבה נחשפים!","Jul 29, 2022",105,8,0.0926,0
CkOXN2Ndtuc,הכנס השנתי העולמי ה-33 לדיני ממונות ומשפט עברי | המלחמה במשפט התורה | הרב רצון ערוסי | חלק ב',"Jul 1, 2024",22808,2,0.0922,0
jZoFay5lulc,הניסוי על גג עזריאלי שגילה מהו חופש אמיתי 🧠🌀,"Apr 14, 2025",43,17,0.0918,0
BB3geZAST-w,דיני פלסטר בשבת | הלכה בטעמה - הרב אריאל כהן,"Feb 23, 2023",207,5,0.0918,0
62eoUg-WkwY,רבי יהודה הנשיא - הרב מוצפי,"Nov 22, 2018",1039,2,0.0909,0
lPkv88NosFw,"חגיגות יום ירושלים מישיבת בית אל תשפ""ג | 21:15 ישיבת בית אל","May 19, 2023",9386,8,0.0908,0
_sr6Vf6Mbqo,"התוועדות הכנה לשבועות תשפ""ה בישיבת בית אל | שידור חי","Jun 1, 2025",4510,7,0.0897,0
GAZREgkNArk,ברוך שעשה לי נס במקום הזה | נקודה למחשבה - הרב עזרא כהן,"Aug 6, 2023",199,4,0.0888,0
OdGKZV0OY8I,מה מברכים על ברקים ורעמים? | נקודה בהלכה - הרב איתן מינקוב,"Nov 17, 2022",131,5,0.0885,0
kwBGg9razAw,"שיעור כללי- קידושין בעל כרחו ובעל כרחה מו""ר הרה""ג זלמן ברוך מלמד שליט""א","May 1, 2018",2650,5,0.0884,0
6Ul73ongbw0,תפילת מנחה מישיבת בית אל,"Apr 20, 2020",2709,2,0.0882,1
FBISZwOFWvY,"13. הרב ידידיה הכהן - הר הבית במשנתו ההלכתית של מו""ר הרב שאר-ישוב כהן זצ""ל","Aug 18, 2020",2699,13,0.0871,1
O9f3I1Sxsmk,"נישואי דתיה וחילוני - הרב זלמן מלמד שליט""א","Mar 12, 2015",326,4,0.0852,0
zeF-yEAjkUg,"""דבר והיפוכו - גר בארץ אך חי בגלות"" | הרב חיים כץ","Dec 14, 2023",47,11,0.0843,0
SBCId_feUvg,למה אדר ב' הוא החודש המיוחד ביותר? | נקודה למחשבה - הרב ינון גרוסברג,"Mar 20, 2024",148,3,0.0833,0
1ACqB9buLjQ,צמצום וניצול החופש הגדול- הרב זלמן מלמד,"Aug 11, 2015",275,4,0.0829,0
KyckTnMM9eA,"שיחת מוצ""ש לפרשת לך לך תשפ""ו | הרה""ג זלמן ברוך מלמד שליט""א","Nov 2, 2025",2726,1,0.0827,0
7fpo1P6qsUY,"הספד לרב חנוך פיוטרקובסקי ז""ל | הרב עידו יעקבי שליט""א","May 27, 2021",556,1,0.0827,0
1UPJgAWn5P0,"נס הכטבמ""ים! הרב בניהו שרגא על הנס שאירע אמש!","Apr 14, 2024",127,5,0.0798,0
mWIqGAaVPxY,"הלווית הרב ישעיהו הדרי זצ""ל בשידור חי באתר ישיבה","Apr 25, 2018",7382,3,0.0796,0
DziQ1ZiQhzs,התוועדות עם ר' דוד אמיתי בישיבת בני צבי,"Dec 23, 2019",3956,5,0.0793,0
vpruQhLEzRA,"אחדות בישראל זה כח! הרב זלמן מלמד שליט""א","Feb 24, 2015",683,1,0.0792,0
iqfz53U5oic,תפילת שחרית ראש חודש ניסן באתר ישיבה בשידור חי!,"Mar 26, 2020",8916,1,0.0791,0
eZECfjgTE08,החיזוק היומי: הרב משה אליה - שלא תעיז לחשוב משהו רע על הילד שלך!,"Jan 23, 2019",106,9,0.078,0
93HIjdzHT5o,מהות השבת | הרב שמעון סופר והקיסר: התשובה שגילתה את מהות השבת | לקראת שבת - הרב ינון גרוסברג,"Oct 30, 2025",172,2,0.0779,0
0Ifep-AYvy0,"באור שיטת הרמב""ם בדין אשו משום חציו | שיעור כללי מאת הרב משה גנץ שליט""א","Feb 17, 2026",2566,4,0.0778,0
N_2I1nleTMo,"שיחה ליום העצמאות - הרב יאיר וסרטיל שליט""א","Apr 19, 2018",2178,4,0.0775,0
xDoqTCJ4w7c,"2.  דברי פתיחה - יונתן קראוס, יו""ר אריאל, נין ונכד לרב הנזיר והרב שאר-ישוב כהן","Aug 18, 2020",1487,6,0.0773,0
kfYtl_y31zQ,התקלה ההנדסית שבגללה אחשוורוש נאלץ לעבור עיר | הרב אבירן חנופה,"Mar 4, 2026",59,15,0.0771,0
XK7lo-Pa8uo,יום עיון לתשעה באב - מצפה יריחו,"Aug 13, 2024",23493,5,0.0766,0
McF87HJS6yM,הרב מדרכי אליהו זצ''ל במסר חשוב לעם ישראל,"Jun 13, 2023",47,15,0.0764,0
xwLFbTDHWHk,ערב ניגונים והתוועדות הכנה לימי הפורים - בשידור חי,"Mar 2, 2023",5104,1,0.0764,0
MljkexxiXdI,טקס הברית של התינוק לבית משפחת ול''ך,"Apr 14, 2020",1496,7,0.0763,0
jaMtPyUxpaw,היסוד הגדול שנלמד מרבי שמעון בר יוחאי | קצרים למועדים - הרב עודד מילר,"May 7, 2023",161,3,0.0763,0
jCWh4AWQU6k,"הרב זלמן מלמד שליט""א : ""לא להידבק בצדיקות כזאת שהעיניים שלך כבר עיוורות""","Nov 24, 2022",222,3,0.0762,0
fZChQa6mUD0,"כנס מחסום הכיסופים 2 | תשפ""ה | עזרת ישראל","Aug 3, 2025",30985,7,0.0759,0
aNZDa_9Ro70,"הדלקה וריקודים לכבוד רשב""י מבית אל","Apr 29, 2021",1881,2,0.075,0
MObW8rtdK64,איך נדע שהלב שלנו במקום הנכון? | רגע בפרשה - פרשת כי תצא,"Sep 12, 2024",137,3,0.0744,0
d8jLtQ25tyo,איפה מדליקים נרות חנוכה בבניין? | נקודה בהלכה - הרב עודד מילר,"Dec 17, 2022",265,1,0.0736,0
32aaHZINqsk,מהו הסוד של הבבא סאלי? | הדיין הרב משה חביב שליט''א,"Mar 16, 2023",237,2,0.0731,0
utVym2ThyZw,"הרה""ג זלמן מלמד סופד לרב חיים דרוקמן","Dec 25, 2022",22,24,0.0727,0
8Xp9ClF8DdU,דרך ארץ קדמה לתורה| דבר תורה לפרשת ויחי| הרב זלמן מלמד| אתר ישיבה,"Jan 6, 2020",181,4,0.0717,0
Hl9s62bZxXw,מהו היסוד האמיתי של דרך ארץ? | דקה לפני שבת עם הרב זלמן מלמד לפרשת יתרו,"Feb 5, 2026",57,5,0.0716,0
